{
  "train_loss": [
    1.9799881769001886,
    1.1181103007411943,
    1.1124335380478927,
    1.0784161352629718,
    1.0510435701355758,
    1.0355587832788704,
    1.0580189820176773,
    1.0114787964198604,
    0.9899350643721475,
    0.9874527619930448,
    0.9844661792939003,
    0.9739058311100659,
    0.9593953939960262,
    0.9421274834317168,
    0.9337814077916382,
    0.9210223155553764,
    0.9067808387785309,
    0.8998599236169631,
    0.9186450152065193,
    0.89885766457357,
    0.8951632823187272,
    0.8919951984216723,
    0.8870587107565219,
    0.8907108960478171,
    0.8825899611621169,
    0.8761952332688033,
    0.8742422100347053,
    0.8716391051947737
  ],
  "train_acc": [
    64.30310843718665,
    66.76693883397795,
    66.96748316860048,
    66.98180776393068,
    66.99613235926086,
    67.05343074058158,
    66.8815355966194,
    67.02478154992122,
    66.9531585732703,
    67.01045695459104,
    67.01045695459104,
    67.42587021916631,
    67.31127345652486,
    67.22532588454376,
    67.62641455378886,
    67.76966050709068,
    68.1420999856754,
    68.21372296232632,
    68.5431886549205,
    68.18507377166596,
    68.57183784558086,
    68.29967053430741,
    68.5431886549205,
    68.37129351095831,
    68.29967053430741,
    69.07319868213723,
    68.90130353817504,
    69.05887408680705
  ],
  "val_loss": [
    1.093924053273972,
    1.0485497085961573,
    1.0282067676581959,
    1.04745929721165,
    1.0100954517279521,
    0.9970688957585754,
    0.9615118708154156,
    1.010621573803055,
    0.97575632589485,
    1.0115973995266967,
    0.9457224195153013,
    0.9812515106925083,
    0.9187270541789114,
    0.9395812615703042,
    0.9609465861625404,
    0.9039711421865835,
    0.90741775309292,
    0.8901965070872417,
    0.9416640185385254,
    0.9365312817859964,
    0.9485965795249436,
    0.9043128072625339,
    0.8803752339515749,
    0.8935566982223649,
    0.8712888433988338,
    0.8810162507071353,
    0.8640670752171242,
    0.8985477112307407
  ],
  "val_acc": [
    63.960396039603964,
    64.02640264026402,
    63.960396039603964,
    63.960396039603964,
    63.960396039603964,
    63.960396039603964,
    63.960396039603964,
    63.960396039603964,
    63.960396039603964,
    63.960396039603964,
    64.02640264026402,
    64.02640264026402,
    64.22442244224422,
    64.02640264026402,
    63.960396039603964,
    65.94059405940594,
    64.95049504950495,
    66.20462046204621,
    65.74257425742574,
    66.07260726072607,
    66.33663366336634,
    66.4026402640264,
    66.79867986798679,
    66.20462046204621,
    67.72277227722772,
    66.996699669967,
    66.33663366336634,
    65.47854785478548
  ]
}