{
  "train_loss": [
    0.8594970020245829,
    0.6398126707900443
  ],
  "train_acc": [
    70.8351239077496,
    76.3071193238791
  ],
  "val_loss": [
    0.8067528131377972,
    0.7162447634309825
  ],
  "val_acc": [
    72.14521452145215,
    75.9075907590759
  ]
}