{
  "train_loss": [
    0.8848395214315097,
    0.6382863941694327
  ],
  "train_acc": [
    70.16186792723106,
    77.16659504369001
  ],
  "val_loss": [
    0.7970110716992872,
    0.6465986280551445
  ],
  "val_acc": [
    72.27722772277228,
    78.08580858085809
  ]
}